Teste 12345678 teste1@email.com Rua1
Angelis 111112 angelisunicamp@gmail.com avenida24
tst 0 000@gamil.com rua0
corinthians 1910 mundial2012@sccp.com rua2012
neymar 1234002132 neymar@ousadiaealegria@gamial.com nsei
Hugo 234234 hugosouza@corinthians Ct
Rodrigo Garro 234234 garro@corinthians Ct Pq Sao Jorge
Memphis Depay 2354653 depay@corinthians.com Festas do Neymar
Yuri Alberto 23445463 yuriartilheiro@corinthians.com Itaquera
Matheuszinho 2343 bigode@corinthians.com Barbearia
Gui Negao 2345563 negao@corinthians.com Ct Pq Sao Jorge
Andre Carrillo 234543 jogaleve@corinthians.com Enfermaria do Ct
Angel Romero 23542 romero@corinthians.com Itaquera
Breno Bidon 234456 mucilon@corinthians.com Ct Pq Sao Jorge
Jose Martinez 23446 martinez@corinthians.com Ct Pq Sao Jorge
Talles Magno 2344235 tragico@corinthians.com Cadeia
Raniele 234535 tomouamarelo@corinthians.com Itaquera
Matheus Bidu 234325 bidu@corinthians.com Ct Pq Sao Jorge
Gustavo Henrique 23432 poste@corinthians.com Itaquera
